{
  "train_losses": [
    10.885150909423828,
    10.857829093933105,
    10.805739402770996,
    10.633269309997559,
    9.974303245544434,
    9.190444946289062,
    8.306045532226562,
    7.767618656158447,
    7.330827236175537,
    6.993747234344482,
    6.830470085144043,
    6.715411186218262,
    6.607388973236084,
    6.5008625984191895,
    6.397050857543945,
    6.313835144042969,
    6.280665397644043,
    6.198816776275635,
    6.137165546417236,
    6.067653179168701,
    6.003002166748047,
    5.956627368927002,
    5.904249668121338,
    5.853363513946533,
    5.809475421905518,
    5.767456531524658,
    5.746254920959473,
    5.699509143829346,
    5.666323184967041,
    5.643421649932861,
    5.6184210777282715,
    5.601627349853516,
    5.591061592102051,
    5.569417476654053,
    5.550307273864746,
    5.539615154266357,
    5.530968189239502,
    5.522764682769775,
    5.509923458099365
  ],
  "val_losses": [
    10.88451099395752,
    10.857699394226074,
    10.80541706085205,
    10.63447093963623,
    9.975398063659668,
    9.194095611572266,
    8.312668800354004,
    7.772083759307861,
    7.338345527648926,
    6.9994025230407715,
    6.833690643310547,
    6.71912956237793,
    6.606766700744629,
    6.507916450500488,
    6.396418571472168,
    6.315896034240723,
    6.279665470123291,
    6.199042320251465,
    6.136833190917969,
    6.063068389892578,
    5.9967041015625,
    5.956434726715088,
    5.903500556945801,
    5.8528876304626465,
    5.8066205978393555,
    5.7642130851745605,
    5.739018440246582,
    5.69891357421875,
    5.661838054656982,
    5.641211986541748,
    5.611682891845703,
    5.596590995788574,
    5.587806701660156,
    5.565135478973389,
    5.548093318939209,
    5.534539222717285,
    5.529455184936523,
    5.5137176513671875,
    5.5016021728515625
  ],
  "best_val_loss": 5.5016021728515625,
  "eval_interval": 500
}