{
  "train_losses": [
    9.606148719787598,
    8.520512580871582,
    7.330894947052002,
    6.45910120010376,
    5.9790568351745605,
    5.754319190979004,
    5.526910781860352,
    5.303128719329834,
    5.065334796905518,
    4.844794750213623,
    4.6420183181762695,
    4.437868595123291,
    4.261561870574951,
    4.11402702331543,
    3.9869227409362793,
    3.903916597366333,
    3.821338176727295,
    3.739386796951294,
    3.697843074798584,
    3.628307580947876,
    3.568380832672119,
    3.5189342498779297,
    3.4784507751464844,
    3.430457353591919,
    3.397242546081543,
    3.3670597076416016,
    3.3356738090515137,
    3.3082737922668457,
    3.2880194187164307,
    3.2611842155456543,
    3.2467329502105713,
    3.222560405731201,
    3.2219529151916504,
    3.1992075443267822,
    3.1929986476898193,
    3.1859664916992188,
    3.1766531467437744,
    3.160207748413086,
    3.1536448001861572
  ],
  "val_losses": [
    9.614047050476074,
    8.527341842651367,
    7.335311412811279,
    6.464598655700684,
    5.986209392547607,
    5.752813339233398,
    5.518906593322754,
    5.296355247497559,
    5.064426422119141,
    4.840484142303467,
    4.6431074142456055,
    4.432608127593994,
    4.258327007293701,
    4.1241230964660645,
    4.0011162757873535,
    3.9074037075042725,
    3.8343892097473145,
    3.7461888790130615,
    3.6966235637664795,
    3.630228281021118,
    3.5632941722869873,
    3.5254697799682617,
    3.486327648162842,
    3.428128957748413,
    3.3883020877838135,
    3.3707919120788574,
    3.340794563293457,
    3.3116655349731445,
    3.2928307056427,
    3.2711777687072754,
    3.253312349319458,
    3.2338309288024902,
    3.2194855213165283,
    3.2026479244232178,
    3.200813055038452,
    3.182156562805176,
    3.178373336791992,
    3.174546718597412,
    3.1680760383605957
  ],
  "best_val_loss": 3.1680760383605957,
  "eval_interval": 500
}