{
  "train_losses": [
    8.566585540771484,
    6.404429912567139,
    5.022271633148193,
    4.297860145568848,
    3.879399299621582,
    3.615941047668457,
    3.433037757873535,
    3.281710147857666,
    3.1807620525360107,
    3.0867674350738525,
    3.0055079460144043,
    2.9374520778656006,
    2.8802692890167236,
    2.832995653152466,
    2.7865328788757324,
    2.74955677986145,
    2.713818311691284,
    2.683680772781372,
    2.656201124191284,
    2.630115270614624,
    2.6041102409362793,
    2.5932538509368896,
    2.5667054653167725,
    2.546442985534668,
    2.5328328609466553,
    2.5180346965789795,
    2.5017502307891846,
    2.49365234375,
    2.4846858978271484,
    2.470211982727051,
    2.462332010269165,
    2.4553728103637695,
    2.449103355407715,
    2.44097900390625,
    2.438728094100952,
    2.43624210357666,
    2.431124448776245,
    2.426331043243408,
    2.422776222229004
  ],
  "val_losses": [
    8.56867504119873,
    6.403273582458496,
    5.0174560546875,
    4.294403553009033,
    3.8870654106140137,
    3.6259214878082275,
    3.4334473609924316,
    3.284097194671631,
    3.1881182193756104,
    3.0771727561950684,
    3.0120203495025635,
    2.93884015083313,
    2.8859291076660156,
    2.83793568611145,
    2.7954628467559814,
    2.7501091957092285,
    2.720773696899414,
    2.684554100036621,
    2.663078784942627,
    2.6314351558685303,
    2.6088812351226807,
    2.5896365642547607,
    2.5691232681274414,
    2.5558769702911377,
    2.538191318511963,
    2.531982421875,
    2.5081493854522705,
    2.5008745193481445,
    2.4858651161193848,
    2.479442834854126,
    2.4687681198120117,
    2.463460683822632,
    2.4543299674987793,
    2.4489872455596924,
    2.4358763694763184,
    2.434657096862793,
    2.4367191791534424,
    2.4296858310699463,
    2.420353651046753
  ],
  "best_val_loss": 2.420353651046753,
  "eval_interval": 500
}