{
  "train_losses": [
    8.941362380981445,
    6.913087368011475,
    5.858160972595215,
    5.403212070465088,
    4.858860969543457,
    4.405453205108643,
    4.0769944190979,
    3.8247997760772705,
    3.649935722351074,
    3.4946343898773193,
    3.390164375305176,
    3.284013032913208,
    3.1892192363739014,
    3.1132938861846924,
    3.058068037033081,
    2.986605167388916,
    2.945601463317871,
    2.8953492641448975,
    2.8537380695343018,
    2.823371171951294,
    2.7877862453460693,
    2.7596242427825928,
    2.7339017391204834,
    2.7054271697998047,
    2.689331531524658,
    2.671405792236328,
    2.6544485092163086,
    2.6426568031311035,
    2.623095750808716,
    2.614623546600342,
    2.601046085357666,
    2.598905563354492,
    2.5807621479034424,
    2.573892593383789,
    2.566652536392212,
    2.5585758686065674,
    2.5548036098480225,
    2.5516366958618164,
    2.546668529510498
  ],
  "val_losses": [
    8.943512916564941,
    6.9159746170043945,
    5.860280990600586,
    5.4002580642700195,
    4.859097957611084,
    4.40239143371582,
    4.081678867340088,
    3.8344385623931885,
    3.6541125774383545,
    3.4989113807678223,
    3.3881194591522217,
    3.279741048812866,
    3.1940793991088867,
    3.1156089305877686,
    3.051331043243408,
    2.9944589138031006,
    2.9452719688415527,
    2.902890205383301,
    2.856876850128174,
    2.8207690715789795,
    2.79514217376709,
    2.7592475414276123,
    2.7390496730804443,
    2.7089335918426514,
    2.692347526550293,
    2.672072172164917,
    2.6562016010284424,
    2.642608165740967,
    2.6252129077911377,
    2.615534782409668,
    2.595588445663452,
    2.5959668159484863,
    2.5884315967559814,
    2.57486629486084,
    2.5657596588134766,
    2.5661017894744873,
    2.563276529312134,
    2.559736490249634,
    2.5479280948638916
  ],
  "best_val_loss": 2.5479280948638916,
  "eval_interval": 500
}