{
  "train_losses": [
    8.559629440307617,
    6.436856269836426,
    5.056941509246826,
    4.352688312530518,
    3.945992946624756,
    3.6865220069885254,
    3.5012459754943848,
    3.3600189685821533,
    3.25270938873291,
    3.1638169288635254,
    3.088904857635498,
    3.029670238494873,
    2.964508533477783,
    2.9209487438201904,
    2.879647970199585,
    2.847966194152832,
    2.8096845149993896,
    2.786383628845215,
    2.7659618854522705,
    2.7429451942443848,
    2.7162134647369385,
    2.6998770236968994,
    2.6812009811401367,
    2.669983386993408,
    2.6589205265045166,
    2.638733148574829,
    2.6306257247924805,
    2.6270153522491455,
    2.6038355827331543,
    2.608586311340332,
    2.59647274017334,
    2.5936338901519775,
    2.580834150314331,
    2.5851008892059326,
    2.5820372104644775,
    2.571559429168701,
    2.5692973136901855,
    2.5563063621520996,
    2.5623114109039307
  ],
  "val_losses": [
    8.562040328979492,
    6.44063663482666,
    5.055089473724365,
    4.355031967163086,
    3.9418275356292725,
    3.6884944438934326,
    3.5058724880218506,
    3.363898992538452,
    3.2558836936950684,
    3.1674208641052246,
    3.091360330581665,
    3.0263538360595703,
    2.972416877746582,
    2.9228694438934326,
    2.883636236190796,
    2.851113796234131,
    2.8158366680145264,
    2.788334608078003,
    2.770371675491333,
    2.7435739040374756,
    2.726982831954956,
    2.7016382217407227,
    2.6903505325317383,
    2.6709468364715576,
    2.6674492359161377,
    2.6549112796783447,
    2.6452205181121826,
    2.633254051208496,
    2.6185190677642822,
    2.6168439388275146,
    2.6038401126861572,
    2.5872483253479004,
    2.586923837661743,
    2.585480213165283,
    2.5784378051757812,
    2.5777318477630615,
    2.571174383163452,
    2.566225528717041,
    2.5676796436309814
  ],
  "best_val_loss": 2.566225528717041,
  "eval_interval": 500
}