{
  "train_losses": [
    9.439752578735352,
    8.464183807373047,
    7.5114336013793945,
    6.659436225891113,
    5.965801239013672,
    5.460076332092285,
    5.047305583953857,
    4.732509613037109,
    4.48466682434082,
    4.288821697235107,
    4.116080284118652,
    3.949493169784546,
    3.821505069732666,
    3.704899549484253,
    3.59013295173645,
    3.4981517791748047,
    3.405351161956787,
    3.3165359497070312,
    3.2494795322418213,
    3.169076681137085,
    3.106367826461792,
    3.0462770462036133,
    2.978853225708008,
    2.9226527214050293,
    2.8918352127075195,
    2.8406972885131836,
    2.798222541809082,
    2.7417194843292236,
    2.7120935916900635,
    2.6739256381988525,
    2.6364521980285645,
    2.5974090099334717,
    2.56192684173584,
    2.531987190246582,
    2.5080337524414062,
    2.474304676055908,
    2.452240467071533,
    2.4171111583709717,
    2.3899121284484863
  ],
  "val_losses": [
    9.445159912109375,
    8.467041969299316,
    7.509256362915039,
    6.6611552238464355,
    5.965613842010498,
    5.462630271911621,
    5.038652420043945,
    4.731133937835693,
    4.491125106811523,
    4.2797980308532715,
    4.115294456481934,
    3.9579036235809326,
    3.8270957469940186,
    3.7197446823120117,
    3.5917742252349854,
    3.4974944591522217,
    3.4075703620910645,
    3.3222391605377197,
    3.242088794708252,
    3.168144464492798,
    3.1040055751800537,
    3.0391881465911865,
    2.9913012981414795,
    2.9295687675476074,
    2.8888323307037354,
    2.842792510986328,
    2.79898738861084,
    2.7489919662475586,
    2.718311309814453,
    2.6741085052490234,
    2.6358578205108643,
    2.5973947048187256,
    2.5726213455200195,
    2.5304245948791504,
    2.5095720291137695,
    2.4691860675811768,
    2.4590494632720947,
    2.4268407821655273,
    2.392057180404663
  ],
  "best_val_loss": 2.392057180404663,
  "eval_interval": 500
}