{
  "train_losses": [
    9.093568801879883,
    7.002017974853516,
    5.489082336425781,
    4.768954277038574,
    4.367403030395508,
    4.086751937866211,
    3.8729052543640137,
    3.727445602416992,
    3.6109325885772705,
    3.5044262409210205,
    3.4129343032836914,
    3.309277296066284,
    3.2555432319641113,
    3.1910808086395264,
    3.1197450160980225,
    3.068795919418335,
    3.020954132080078,
    2.9644126892089844,
    2.929421901702881,
    2.9011223316192627,
    2.863100051879883,
    2.8485987186431885,
    2.799025535583496,
    2.7871038913726807,
    2.7652266025543213,
    2.7243216037750244,
    2.7064762115478516,
    2.6924595832824707,
    2.6681013107299805,
    2.6471588611602783,
    2.6312856674194336,
    2.6219191551208496,
    2.6028366088867188,
    2.594843864440918,
    2.5844240188598633,
    2.5765459537506104,
    2.571420431137085,
    2.559459686279297,
    2.5532383918762207
  ],
  "val_losses": [
    9.100080490112305,
    7.002668380737305,
    5.480947494506836,
    4.759521961212158,
    4.356732368469238,
    4.086548805236816,
    3.867419958114624,
    3.7235589027404785,
    3.613100051879883,
    3.5093472003936768,
    3.4194700717926025,
    3.3058292865753174,
    3.257080078125,
    3.1986401081085205,
    3.1240499019622803,
    3.0718281269073486,
    3.024445056915283,
    2.9709272384643555,
    2.9313886165618896,
    2.899996519088745,
    2.867230176925659,
    2.8455872535705566,
    2.805694580078125,
    2.7846035957336426,
    2.7712857723236084,
    2.726900100708008,
    2.717857599258423,
    2.6909008026123047,
    2.6780357360839844,
    2.657757043838501,
    2.6354286670684814,
    2.621381998062134,
    2.6128671169281006,
    2.6012051105499268,
    2.5858936309814453,
    2.5794904232025146,
    2.573446273803711,
    2.564375400543213,
    2.5606143474578857
  ],
  "best_val_loss": 2.5606143474578857,
  "eval_interval": 500
}