{
  "train_losses": [
    8.01840591430664,
    5.7809224128723145,
    4.923830032348633,
    4.376301288604736,
    3.980647563934326,
    3.7226767539978027,
    3.524024248123169,
    3.364316701889038,
    3.2496464252471924,
    3.1515843868255615,
    3.079195499420166,
    3.0022497177124023,
    2.947859287261963,
    2.8962085247039795,
    2.8467020988464355,
    2.820324420928955,
    2.7772328853607178,
    2.7532870769500732,
    2.725647449493408,
    2.7043726444244385,
    2.6727116107940674,
    2.6591787338256836,
    2.6409757137298584,
    2.614288806915283,
    2.601370096206665,
    2.596639633178711,
    2.582350730895996,
    2.5661802291870117,
    2.5554358959198,
    2.5543088912963867,
    2.540445327758789,
    2.5253052711486816,
    2.5218188762664795,
    2.521127223968506,
    2.5172955989837646,
    2.5141358375549316,
    2.504883289337158,
    2.5026848316192627,
    2.4991562366485596
  ],
  "val_losses": [
    8.021073341369629,
    5.786447525024414,
    4.919910430908203,
    4.370002746582031,
    3.985572338104248,
    3.720456600189209,
    3.5279219150543213,
    3.3705830574035645,
    3.252002716064453,
    3.1529312133789062,
    3.0815975666046143,
    3.0030205249786377,
    2.946715831756592,
    2.8877532482147217,
    2.8496274948120117,
    2.8162105083465576,
    2.7830898761749268,
    2.758986711502075,
    2.7308404445648193,
    2.703714609146118,
    2.6823949813842773,
    2.6622490882873535,
    2.644136905670166,
    2.6199264526367188,
    2.6095480918884277,
    2.595869541168213,
    2.57987380027771,
    2.5738120079040527,
    2.560575246810913,
    2.5554258823394775,
    2.536879539489746,
    2.53635835647583,
    2.5278849601745605,
    2.5214335918426514,
    2.525686264038086,
    2.514172315597534,
    2.517195224761963,
    2.509521245956421,
    2.4994242191314697
  ],
  "best_val_loss": 2.4994242191314697,
  "eval_interval": 500
}